timestamp,symbol,price
2020-02-11 09:00:00,AAPL,321.77
2020-02-11 09:00:00,ABBV,96.17
2020-02-11 09:00:00,ADBE,368.665
2020-02-11 09:00:00,ADI,116.32
2020-02-11 09:00:00,AEP,101.97
2020-02-11 09:00:00,AIG,54.75
2020-02-11 09:00:00,ALL,124.68
2020-02-11 09:00:00,AMAT,64.023
2020-02-11 09:00:00,AMC,6.735
2020-02-11 09:00:00,AMD,54.2099
2020-02-11 09:00:00,AMGN,227.03
2020-02-11 09:00:00,AMP,177.75
2020-02-11 09:00:00,AMT,254.6
2020-02-11 09:00:00,AMZN,2154.545
2020-02-11 09:00:00,APA,28.43
2020-02-11 09:00:00,ARE,170.9385
2020-02-11 09:00:00,ASML,314.81
2020-02-11 09:00:00,AVB,222.73
2020-02-11 09:00:00,AVGO,318.2358
2020-02-11 09:00:00,AWK,135.76
2020-02-11 09:00:00,AXP,133.35
2020-02-11 09:00:00,BA,347.1393
2020-02-11 09:00:00,BAC,34.895
2020-02-11 09:00:00,BB,6.1
2020-02-11 09:00:00,BEN,25.32
2020-02-11 09:00:00,BIIB,338.64
2020-02-11 09:00:00,BK,46.6
2020-02-11 09:00:00,BKR,22.2066
2020-02-11 09:00:00,BLK,567.08
2020-02-11 09:00:00,BMY,67.0
2020-02-11 09:00:00,C,79.165
2020-02-11 09:00:00,CAG,32.555
2020-02-11 09:00:00,CAT,136.17
2020-02-11 09:00:00,CB,163.675
2020-02-11 09:00:00,CCI,161.6
2020-02-11 09:00:00,CFG,38.92
2020-02-11 09:00:00,CHD,75.18
2020-02-11 09:00:00,CI,212.16
2020-02-11 09:00:00,CINF,115.0142
2020-02-11 09:00:00,CL,76.95
2020-02-11 09:00:00,CLX,166.9633
2020-02-11 09:00:00,CMCSA,44.42
2020-02-11 09:00:00,CME,214.3
2020-02-11 09:00:00,CMI,164.17
2020-02-11 09:00:00,COF,103.305
2020-02-11 09:00:00,COP,58.5475
2020-02-11 09:00:00,COST,312.8344
2020-02-11 09:00:00,CPB,48.85
2020-02-11 09:00:00,CRM,189.94
2020-02-11 09:00:00,CRWD,65.6
2020-02-11 09:00:00,CSCO,49.32
2020-02-11 09:00:00,CSX,79.09
2020-02-11 09:00:00,CTRA,14.64
2020-02-11 09:00:00,CVS,73.54
2020-02-11 09:00:00,CVX,110.37
2020-02-11 09:00:00,D,85.88
2020-02-11 09:00:00,DDOG,48.405
2020-02-11 09:00:00,DE,169.905
2020-02-11 09:00:00,DIS,141.99
2020-02-11 09:00:00,DKNG,16.585
2020-02-11 09:00:00,DLR,127.0
2020-02-11 09:00:00,DOCU,84.96
2020-02-11 09:00:00,DUK,96.72
2020-02-11 09:00:00,DVN,22.9
2020-02-11 09:00:00,ED,93.28
2020-02-11 09:00:00,EMR,74.31
2020-02-11 09:00:00,EOG,75.035
2020-02-11 09:00:00,EQR,84.98
2020-02-11 09:00:00,EQT,5.22
2020-02-11 09:00:00,ESS,319.02
2020-02-11 09:00:00,ETN,103.7
2020-02-11 09:00:00,EWBC,47.87
2020-02-11 09:00:00,FANG,73.06
2020-02-11 09:00:00,FDX,157.5436
2020-02-11 09:00:00,FHN,16.605
2020-02-11 09:00:00,FITB,29.605
2020-02-11 09:00:00,GD,186.77
2020-02-11 09:00:00,GE,12.92
2020-02-11 09:00:00,GILD,68.56
2020-02-11 09:00:00,GIS,52.6701
2020-02-11 09:00:00,GME,4.08
2020-02-11 09:00:00,GOOGL,1519.72
2020-02-11 09:00:00,GS,238.36
2020-02-11 09:00:00,HAL,21.65
2020-02-11 09:00:00,HBAN,14.085
2020-02-11 09:00:00,HIG,59.64
2020-02-11 09:00:00,HON,178.7663
2020-02-11 09:00:00,HRL,47.47
2020-02-11 09:00:00,HSY,157.64
2020-02-11 09:00:00,HUM,353.935
2020-02-11 09:00:00,IBM,154.05
2020-02-11 09:00:00,ICE,479.6131778153
2020-02-11 09:00:00,INTC,66.7376
2020-02-11 09:00:00,ITW,186.345
2020-02-11 09:00:00,IVZ,18.835
2020-02-11 09:00:00,JNJ,151.76
2020-02-11 09:00:00,JPM,138.47
2020-02-11 09:00:00,KEY,19.645
2020-02-11 09:00:00,KHC,29.8553
2020-02-11 09:00:00,KLAC,170.53
2020-02-11 09:00:00,KMB,146.27
2020-02-11 09:00:00,KMI,21.42
2020-02-11 09:00:00,KO,59.5994
2020-02-11 09:00:00,LLY,144.32
2020-02-11 09:00:00,LMT,440.39
2020-02-11 09:00:00,LNC,60.94
2020-02-11 09:00:00,LRCX,324.46
2020-02-11 09:00:00,LW,95.25
2020-02-11 09:00:00,MA,332.2
2020-02-11 09:00:00,MAA,142.405
2020-02-11 09:00:00,MARA,0.0185898227
2020-02-11 09:00:00,MCD,214.64
2020-02-11 09:00:00,MCHP,110.31
2020-02-11 09:00:00,MCO,271.1
2020-02-11 09:00:00,MDB,165.53
2020-02-11 09:00:00,MDLZ,59.085
2020-02-11 09:00:00,MET,52.745
2020-02-11 09:00:00,META,208.72
2020-02-11 09:00:00,MKC,164.3511
2020-02-11 09:00:00,MMM,161.36
2020-02-11 09:00:00,MO,45.87
2020-02-11 09:00:00,MPC,55.5
2020-02-11 09:00:00,MRK,85.42
2020-02-11 09:00:00,MRVL,25.25
2020-02-11 09:00:00,MS,56.0
2020-02-11 09:00:00,MSCI,302.05
2020-02-11 09:00:00,MSFT,187.27
2020-02-11 09:00:00,MTB,170.03
2020-02-11 09:00:00,MU,58.36
2020-02-11 09:00:00,NDAQ,116.21
2020-02-11 09:00:00,NEE,272.407
2020-02-11 09:00:00,NET,18.71
2020-02-11 09:00:00,NFLX,376.0167
2020-02-11 09:00:00,NOC,366.28
2020-02-11 09:00:00,NOK,4.4609
2020-02-11 09:00:00,NSC,212.24
2020-02-11 09:00:00,NVDA,269.9731
2020-02-11 09:00:00,NXPI,135.65
2020-02-11 09:00:00,O,80.06
2020-02-11 09:00:00,OKTA,136.5502
2020-02-11 09:00:00,ON,21.11
2020-02-11 09:00:00,ORCL,55.34
2020-02-11 09:00:00,OXY,42.2164
2020-02-11 09:00:00,PANW,248.595
2020-02-11 09:00:00,PEG,57.665
2020-02-11 09:00:00,PEP,145.385
2020-02-11 09:00:00,PFE,37.95
2020-02-11 09:00:00,PFG,56.5094
2020-02-11 09:00:00,PG,125.16
2020-02-11 09:00:00,PH,211.74
2020-02-11 09:00:00,PM,89.57
2020-02-11 09:00:00,PNC,155.34
2020-02-11 09:00:00,PRU,96.265
2020-02-11 09:00:00,PSA,226.12
2020-02-11 09:00:00,PSX,89.98
2020-02-11 09:00:00,PYPL,119.74
2020-02-11 09:00:00,QCOM,90.435
2020-02-11 09:00:00,REGN,393.99
2020-02-11 09:00:00,RF,16.445
2020-02-11 09:00:00,RIOT,0.1666666667
2020-02-11 09:00:00,ROKU,138.95
2020-02-11 09:00:00,RTX,157.4361
2020-02-11 09:00:00,SCHW,47.175
2020-02-11 09:00:00,SHOP,495.56
2020-02-11 09:00:00,SJM,110.14
2020-02-11 09:00:00,SLB,33.93
2020-02-11 09:00:00,SO,68.63
2020-02-11 09:00:00,SPCE,22.06
2020-02-11 09:00:00,SPG,142.05
2020-02-11 09:00:00,SPGI,296.59
2020-02-11 09:00:00,SPLK,167.8285
2020-02-11 09:00:00,SQ,80.51
2020-02-11 09:00:00,STM,30.7035
2020-02-11 09:00:00,STT,79.76
2020-02-11 09:00:00,SYY,76.71
2020-02-11 09:00:00,T,38.715
2020-02-11 09:00:00,TAP,58.355
2020-02-11 09:00:00,TEAM,150.6299
2020-02-11 09:00:00,TFC,54.68
2020-02-11 09:00:00,TROW,139.485
2020-02-11 09:00:00,TRV,136.6025
2020-02-11 09:00:00,TSLA,767.86
2020-02-11 09:00:00,TSN,83.28
2020-02-11 09:00:00,TWLO,126.26
2020-02-11 09:00:00,TXN,131.02
2020-02-11 09:00:00,UBER,40.95
2020-02-11 09:00:00,UNH,286.92
2020-02-11 09:00:00,UNP,184.9
2020-02-11 09:00:00,UPS,104.155
2020-02-11 09:00:00,USB,55.065
2020-02-11 09:00:00,V,205.5772
2020-02-11 09:00:00,VLO,83.55
2020-02-11 09:00:00,VRTX,243.87
2020-02-11 09:00:00,VTR,58.88
2020-02-11 09:00:00,VZ,59.825
2020-02-11 09:00:00,WAL,57.27
2020-02-11 09:00:00,WEC,100.37
2020-02-11 09:00:00,WELL,85.175
2020-02-11 09:00:00,WFC,48.2
2020-02-11 09:00:00,WM,124.83
2020-02-11 09:00:00,WMB,21.775
2020-02-11 09:00:00,WMT,114.98
2020-02-11 09:00:00,WRB,79.07
2020-02-11 09:00:00,XEL,69.02
2020-02-11 09:00:00,XOM,60.605
2020-02-11 09:00:00,ZION,46.37
2020-02-11 09:00:00,ZM,88.97
2020-02-11 09:00:00,ZS,60.8
2020-02-11 09:00:00,ZTS,142.915
2020-02-11 10:00:00,AAPL,322.83
2020-02-11 10:00:00,ABBV,96.69
2020-02-11 10:00:00,ADBE,370.835
2020-02-11 10:00:00,ADI,117.25
2020-02-11 10:00:00,AEP,101.91
2020-02-11 10:00:00,AIG,54.535
2020-02-11 10:00:00,ALL,125.23
2020-02-11 10:00:00,AMAT,64.06
2020-02-11 10:00:00,AMC,6.875
2020-02-11 10:00:00,AMD,53.915
2020-02-11 10:00:00,AMGN,227.5
2020-02-11 10:00:00,AMP,178.9679
2020-02-11 10:00:00,AMT,253.19
2020-02-11 10:00:00,AMZN,2174.16
2020-02-11 10:00:00,APA,28.59
2020-02-11 10:00:00,ARE,171.34
2020-02-11 10:00:00,ASML,314.76
2020-02-11 10:00:00,AVB,223.64
2020-02-11 10:00:00,AVGO,319.585
2020-02-11 10:00:00,AWK,135.32
2020-02-11 10:00:00,AXP,133.47
2020-02-11 10:00:00,BA,345.86
2020-02-11 10:00:00,BAC,34.9659
2020-02-11 10:00:00,BB,6.185
2020-02-11 10:00:00,BEN,25.115
2020-02-11 10:00:00,BIIB,333.6
2020-02-11 10:00:00,BK,46.52
2020-02-11 10:00:00,BKR,22.25
2020-02-11 10:00:00,BLK,569.61
2020-02-11 10:00:00,BMY,67.175
2020-02-11 10:00:00,C,79.175
2020-02-11 10:00:00,CAG,32.72
2020-02-11 10:00:00,CAT,137.0225
2020-02-11 10:00:00,CB,163.85
2020-02-11 10:00:00,CCI,159.97
2020-02-11 10:00:00,CFG,39.2
2020-02-11 10:00:00,CHD,74.83
2020-02-11 10:00:00,CI,212.4
2020-02-11 10:00:00,CINF,114.54
2020-02-11 10:00:00,CL,76.29
2020-02-11 10:00:00,CLX,165.97
2020-02-11 10:00:00,CMCSA,44.59
2020-02-11 10:00:00,CME,212.74
2020-02-11 10:00:00,CMI,164.77
2020-02-11 10:00:00,COF,103.21
2020-02-11 10:00:00,COP,58.825
2020-02-11 10:00:00,COST,313.02
2020-02-11 10:00:00,CPB,48.735
2020-02-11 10:00:00,CRM,190.605
2020-02-11 10:00:00,CRWD,65.232
2020-02-11 10:00:00,CSCO,49.505
2020-02-11 10:00:00,CSX,79.24
2020-02-11 10:00:00,CTRA,14.6
2020-02-11 10:00:00,CVS,73.5794
2020-02-11 10:00:00,CVX,110.78
2020-02-11 10:00:00,D,85.73
2020-02-11 10:00:00,DDOG,48.935
2020-02-11 10:00:00,DE,170.41
2020-02-11 10:00:00,DIS,141.94
2020-02-11 10:00:00,DKNG,17.1078
2020-02-11 10:00:00,DLR,126.605
2020-02-11 10:00:00,DOCU,85.39
2020-02-11 10:00:00,DUK,96.63
2020-02-11 10:00:00,DVN,23.005
2020-02-11 10:00:00,ED,93.14
2020-02-11 10:00:00,EMR,74.5
2020-02-11 10:00:00,EOG,74.795
2020-02-11 10:00:00,EQR,84.8
2020-02-11 10:00:00,EQT,5.28
2020-02-11 10:00:00,ESS,318.67
2020-02-11 10:00:00,ETN,103.74
2020-02-11 10:00:00,EWBC,48.1
2020-02-11 10:00:00,FANG,72.96
2020-02-11 10:00:00,FDX,158.35
2020-02-11 10:00:00,FHN,16.6028
2020-02-11 10:00:00,FITB,29.62
2020-02-11 10:00:00,GD,186.3
2020-02-11 10:00:00,GE,12.83
2020-02-11 10:00:00,GILD,67.835
2020-02-11 10:00:00,GIS,52.685
2020-02-11 10:00:00,GME,4.15
2020-02-11 10:00:00,GOOGL,1528.8
2020-02-11 10:00:00,GS,239.11
2020-02-11 10:00:00,HAL,21.65
2020-02-11 10:00:00,HBAN,14.1125
2020-02-11 10:00:00,HIG,59.49
2020-02-11 10:00:00,HON,179.2
2020-02-11 10:00:00,HRL,47.62
2020-02-11 10:00:00,HSY,157.1
2020-02-11 10:00:00,HUM,354.485
2020-02-11 10:00:00,IBM,154.13
2020-02-11 10:00:00,ICE,478.3509050028
2020-02-11 10:00:00,INTC,67.39
2020-02-11 10:00:00,ITW,186.97
2020-02-11 10:00:00,IVZ,18.8925
2020-02-11 10:00:00,JNJ,151.75
2020-02-11 10:00:00,JPM,138.3898
2020-02-11 10:00:00,KEY,19.755
2020-02-11 10:00:00,KHC,29.765
2020-02-11 10:00:00,KLAC,172.085
2020-02-11 10:00:00,KMB,145.56
2020-02-11 10:00:00,KMI,21.405
2020-02-11 10:00:00,KO,59.36
2020-02-11 10:00:00,LLY,143.76
2020-02-11 10:00:00,LMT,438.29
2020-02-11 10:00:00,LNC,61.35
2020-02-11 10:00:00,LRCX,325.16
2020-02-11 10:00:00,LW,94.92
2020-02-11 10:00:00,MA,334.73
2020-02-11 10:00:00,MAA,142.08
2020-02-11 10:00:00,MARA,0.0199401199
2020-02-11 10:00:00,MCD,214.7
2020-02-11 10:00:00,MCHP,110.43
2020-02-11 10:00:00,MCO,271.155
2020-02-11 10:00:00,MDB,165.85
2020-02-11 10:00:00,MDLZ,58.885
2020-02-11 10:00:00,MET,52.88
2020-02-11 10:00:00,META,210.0308
2020-02-11 10:00:00,MKC,164.34
2020-02-11 10:00:00,MMM,161.6
2020-02-11 10:00:00,MO,45.81
2020-02-11 10:00:00,MPC,55.8
2020-02-11 10:00:00,MRK,85.03
2020-02-11 10:00:00,MRVL,25.2398
2020-02-11 10:00:00,MS,56.11
2020-02-11 10:00:00,MSCI,303.4
2020-02-11 10:00:00,MSFT,188.51
2020-02-11 10:00:00,MTB,170.08
2020-02-11 10:00:00,MU,58.33
2020-02-11 10:00:00,NDAQ,115.725
2020-02-11 10:00:00,NEE,272.44
2020-02-11 10:00:00,NET,18.95
2020-02-11 10:00:00,NFLX,375.5
2020-02-11 10:00:00,NOC,365.84
2020-02-11 10:00:00,NOK,4.505
2020-02-11 10:00:00,NSC,212.19
2020-02-11 10:00:00,NVDA,271.74
2020-02-11 10:00:00,NXPI,136.89
2020-02-11 10:00:00,O,79.25
2020-02-11 10:00:00,OKTA,138.295
2020-02-11 10:00:00,ON,21.345
2020-02-11 10:00:00,ORCL,55.41
2020-02-11 10:00:00,OXY,42.305
2020-02-11 10:00:00,PANW,248.86
2020-02-11 10:00:00,PEG,58.1352
2020-02-11 10:00:00,PEP,145.23
2020-02-11 10:00:00,PFE,37.955
2020-02-11 10:00:00,PFG,56.825
2020-02-11 10:00:00,PG,124.66
2020-02-11 10:00:00,PH,212.99
2020-02-11 10:00:00,PM,89.81
2020-02-11 10:00:00,PNC,155.2
2020-02-11 10:00:00,PRU,96.7
2020-02-11 10:00:00,PSA,226.75
2020-02-11 10:00:00,PSX,89.76
2020-02-11 10:00:00,PYPL,120.49
2020-02-11 10:00:00,QCOM,90.57
2020-02-11 10:00:00,REGN,391.0
2020-02-11 10:00:00,RF,16.555
2020-02-11 10:00:00,RIOT,0.1799888889
2020-02-11 10:00:00,ROKU,141.19
2020-02-11 10:00:00,RTX,156.66
2020-02-11 10:00:00,SCHW,47.57
2020-02-11 10:00:00,SHOP,496.3
2020-02-11 10:00:00,SJM,109.99
2020-02-11 10:00:00,SLB,34.09
2020-02-11 10:00:00,SO,68.405
2020-02-11 10:00:00,SPCE,21.3863
2020-02-11 10:00:00,SPG,140.8
2020-02-11 10:00:00,SPGI,295.7
2020-02-11 10:00:00,SPLK,168.17
2020-02-11 10:00:00,SQ,81.1
2020-02-11 10:00:00,STM,30.76
2020-02-11 10:00:00,STT,80.19
2020-02-11 10:00:00,SYY,75.85
2020-02-11 10:00:00,T,38.23
2020-02-11 10:00:00,TAP,58.4777
2020-02-11 10:00:00,TEAM,150.765
2020-02-11 10:00:00,TFC,54.93
2020-02-11 10:00:00,TROW,139.69
2020-02-11 10:00:00,TRV,136.81
2020-02-11 10:00:00,TSLA,772.5409
2020-02-11 10:00:00,TSN,82.7794
2020-02-11 10:00:00,TWLO,126.43
2020-02-11 10:00:00,TXN,131.81
2020-02-11 10:00:00,UBER,41.18
2020-02-11 10:00:00,UNH,287.0
2020-02-11 10:00:00,UNP,184.78
2020-02-11 10:00:00,UPS,104.8502
2020-02-11 10:00:00,USB,55.23
2020-02-11 10:00:00,V,206.5505
2020-02-11 10:00:00,VLO,83.76
2020-02-11 10:00:00,VRTX,244.97
2020-02-11 10:00:00,VTR,58.78
2020-02-11 10:00:00,VZ,58.89
2020-02-11 10:00:00,WAL,57.41
2020-02-11 10:00:00,WEC,100.41
2020-02-11 10:00:00,WELL,84.99
2020-02-11 10:00:00,WFC,48.115
2020-02-11 10:00:00,WM,125.17
2020-02-11 10:00:00,WMB,21.745
2020-02-11 10:00:00,WMT,114.92
2020-02-11 10:00:00,WRB,78.99
2020-02-11 10:00:00,XEL,68.97
2020-02-11 10:00:00,XOM,60.67
2020-02-11 10:00:00,ZION,46.65
2020-02-11 10:00:00,ZM,89.76
2020-02-11 10:00:00,ZS,60.92
2020-02-11 10:00:00,ZTS,143.27
2020-02-11 11:00:00,AAPL,321.96
2020-02-11 11:00:00,ABBV,96.705
2020-02-11 11:00:00,ADBE,369.33
2020-02-11 11:00:00,ADI,116.995
2020-02-11 11:00:00,AEP,102.24
2020-02-11 11:00:00,AIG,54.58
2020-02-11 11:00:00,ALL,125.06
2020-02-11 11:00:00,AMAT,63.9549
2020-02-11 11:00:00,AMC,6.87
2020-02-11 11:00:00,AMD,53.9225
2020-02-11 11:00:00,AMGN,228.28
2020-02-11 11:00:00,AMP,178.16
2020-02-11 11:00:00,AMT,253.36
2020-02-11 11:00:00,AMZN,2164.23
2020-02-11 11:00:00,APA,28.36
2020-02-11 11:00:00,ARE,171.91
2020-02-11 11:00:00,ASML,314.62
2020-02-11 11:00:00,AVB,223.02
2020-02-11 11:00:00,AVGO,317.76
2020-02-11 11:00:00,AWK,135.47
2020-02-11 11:00:00,AXP,132.97
2020-02-11 11:00:00,BA,343.86
2020-02-11 11:00:00,BAC,34.92
2020-02-11 11:00:00,BB,6.145
2020-02-11 11:00:00,BEN,25.03
2020-02-11 11:00:00,BIIB,331.64
2020-02-11 11:00:00,BK,46.475
2020-02-11 11:00:00,BKR,22.21
2020-02-11 11:00:00,BLK,567.28
2020-02-11 11:00:00,BMY,67.48
2020-02-11 11:00:00,C,78.92
2020-02-11 11:00:00,CAG,32.735
2020-02-11 11:00:00,CAT,136.63
2020-02-11 11:00:00,CB,164.05
2020-02-11 11:00:00,CCI,161.8026
2020-02-11 11:00:00,CFG,39.005
2020-02-11 11:00:00,CHD,74.72
2020-02-11 11:00:00,CI,212.46
2020-02-11 11:00:00,CINF,114.81
2020-02-11 11:00:00,CL,76.355
2020-02-11 11:00:00,CLX,165.99
2020-02-11 11:00:00,CMCSA,44.55
2020-02-11 11:00:00,CME,212.47
2020-02-11 11:00:00,CMI,163.96
2020-02-11 11:00:00,COF,102.92
2020-02-11 11:00:00,COP,58.7575
2020-02-11 11:00:00,COST,311.665
2020-02-11 11:00:00,CPB,48.85
2020-02-11 11:00:00,CRM,189.62
2020-02-11 11:00:00,CRWD,64.41
2020-02-11 11:00:00,CSCO,49.28
2020-02-11 11:00:00,CSX,79.0
2020-02-11 11:00:00,CTRA,14.595
2020-02-11 11:00:00,CVS,73.74
2020-02-11 11:00:00,CVX,110.76
2020-02-11 11:00:00,D,85.95
2020-02-11 11:00:00,DDOG,48.68
2020-02-11 11:00:00,DE,170.33
2020-02-11 11:00:00,DIS,141.355
2020-02-11 11:00:00,DKNG,16.85
2020-02-11 11:00:00,DLR,126.54
2020-02-11 11:00:00,DOCU,84.89
2020-02-11 11:00:00,DUK,97.235
2020-02-11 11:00:00,DVN,22.795
2020-02-11 11:00:00,ED,93.435
2020-02-11 11:00:00,EMR,74.29
2020-02-11 11:00:00,EOG,74.72
2020-02-11 11:00:00,EQR,84.75
2020-02-11 11:00:00,EQT,5.285
2020-02-11 11:00:00,ESS,317.93
2020-02-11 11:00:00,ETN,103.56
2020-02-11 11:00:00,EWBC,48.02
2020-02-11 11:00:00,FANG,72.7
2020-02-11 11:00:00,FDX,157.68
2020-02-11 11:00:00,FHN,16.535
2020-02-11 11:00:00,FITB,29.565
2020-02-11 11:00:00,GD,185.65
2020-02-11 11:00:00,GE,12.84
2020-02-11 11:00:00,GILD,67.9499
2020-02-11 11:00:00,GIS,52.76
2020-02-11 11:00:00,GME,4.14
2020-02-11 11:00:00,GOOGL,1516.31
2020-02-11 11:00:00,GS,237.71
2020-02-11 11:00:00,HAL,21.6
2020-02-11 11:00:00,HBAN,14.065
2020-02-11 11:00:00,HIG,59.53
2020-02-11 11:00:00,HON,179.0
2020-02-11 11:00:00,HRL,47.525
2020-02-11 11:00:00,HSY,157.46
2020-02-11 11:00:00,HUM,353.55
2020-02-11 11:00:00,IBM,153.4433
2020-02-11 11:00:00,ICE,479.5626869028
2020-02-11 11:00:00,INTC,67.3
2020-02-11 11:00:00,ITW,186.55
2020-02-11 11:00:00,IVZ,18.82
2020-02-11 11:00:00,JNJ,152.205
2020-02-11 11:00:00,JPM,138.19
2020-02-11 11:00:00,KEY,19.72
2020-02-11 11:00:00,KHC,29.85
2020-02-11 11:00:00,KLAC,171.95
2020-02-11 11:00:00,KMB,145.57
2020-02-11 11:00:00,KMI,21.44
2020-02-11 11:00:00,KO,59.625
2020-02-11 11:00:00,LLY,143.6
2020-02-11 11:00:00,LMT,438.42
2020-02-11 11:00:00,LNC,60.8822
2020-02-11 11:00:00,LRCX,324.33
2020-02-11 11:00:00,LW,94.82
2020-02-11 11:00:00,MA,331.81
2020-02-11 11:00:00,MAA,141.93
2020-02-11 11:00:00,MARA,0.0203643058
2020-02-11 11:00:00,MCD,214.49
2020-02-11 11:00:00,MCHP,109.41
2020-02-11 11:00:00,MCO,270.885
2020-02-11 11:00:00,MDB,165.31
2020-02-11 11:00:00,MDLZ,58.835
2020-02-11 11:00:00,MET,52.5975
2020-02-11 11:00:00,META,206.99
2020-02-11 11:00:00,MKC,164.24
2020-02-11 11:00:00,MMM,161.28
2020-02-11 11:00:00,MO,45.755
2020-02-11 11:00:00,MPC,55.97
2020-02-11 11:00:00,MRK,85.05
2020-02-11 11:00:00,MRVL,25.48
2020-02-11 11:00:00,MS,55.85
2020-02-11 11:00:00,MSCI,303.4
2020-02-11 11:00:00,MSFT,187.065
2020-02-11 11:00:00,MTB,169.85
2020-02-11 11:00:00,MU,58.07
2020-02-11 11:00:00,NDAQ,115.41
2020-02-11 11:00:00,NEE,272.82
2020-02-11 11:00:00,NET,18.58
2020-02-11 11:00:00,NFLX,375.26
2020-02-11 11:00:00,NOC,366.345
2020-02-11 11:00:00,NOK,4.475
2020-02-11 11:00:00,NSC,211.01
2020-02-11 11:00:00,NVDA,269.88
2020-02-11 11:00:00,NXPI,135.14
2020-02-11 11:00:00,O,79.28
2020-02-11 11:00:00,OKTA,137.55
2020-02-11 11:00:00,ON,21.2625
2020-02-11 11:00:00,ORCL,55.33
2020-02-11 11:00:00,OXY,41.955
2020-02-11 11:00:00,PANW,247.79
2020-02-11 11:00:00,PEG,57.905
2020-02-11 11:00:00,PEP,145.88
2020-02-11 11:00:00,PFE,38.005
2020-02-11 11:00:00,PFG,56.595
2020-02-11 11:00:00,PG,124.8
2020-02-11 11:00:00,PH,212.74
2020-02-11 11:00:00,PM,89.47
2020-02-11 11:00:00,PNC,155.3
2020-02-11 11:00:00,PRU,96.25
2020-02-11 11:00:00,PSA,228.07
2020-02-11 11:00:00,PSX,89.815
2020-02-11 11:00:00,PYPL,119.21
2020-02-11 11:00:00,QCOM,90.5
2020-02-11 11:00:00,REGN,392.01
2020-02-11 11:00:00,RF,16.5
2020-02-11 11:00:00,RIOT,0.1883555556
2020-02-11 11:00:00,ROKU,140.25
2020-02-11 11:00:00,RTX,155.778
2020-02-11 11:00:00,SCHW,47.695
2020-02-11 11:00:00,SHOP,497.0
2020-02-11 11:00:00,SJM,110.2885
2020-02-11 11:00:00,SLB,34.005
2020-02-11 11:00:00,SO,68.515
2020-02-11 11:00:00,SPCE,21.1257
2020-02-11 11:00:00,SPG,141.53
2020-02-11 11:00:00,SPGI,295.36
2020-02-11 11:00:00,SPLK,166.8841
2020-02-11 11:00:00,SQ,80.41
2020-02-11 11:00:00,STM,30.84
2020-02-11 11:00:00,STT,80.25
2020-02-11 11:00:00,SYY,76.08
2020-02-11 11:00:00,T,38.065
2020-02-11 11:00:00,TAP,58.29
2020-02-11 11:00:00,TEAM,149.55
2020-02-11 11:00:00,TFC,54.85
2020-02-11 11:00:00,TROW,139.1
2020-02-11 11:00:00,TRV,137.04
2020-02-11 11:00:00,TSLA,773.4201
2020-02-11 11:00:00,TSN,82.16
2020-02-11 11:00:00,TWLO,125.35
2020-02-11 11:00:00,TXN,131.29
2020-02-11 11:00:00,UBER,40.98
2020-02-11 11:00:00,UNH,287.02
2020-02-11 11:00:00,UNP,184.32
2020-02-11 11:00:00,UPS,104.75
2020-02-11 11:00:00,USB,55.235
2020-02-11 11:00:00,V,205.54
2020-02-11 11:00:00,VLO,83.6984
2020-02-11 11:00:00,VRTX,245.62
2020-02-11 11:00:00,VTR,58.71
2020-02-11 11:00:00,VZ,58.71
2020-02-11 11:00:00,WAL,57.09
2020-02-11 11:00:00,WEC,100.54
2020-02-11 11:00:00,WELL,84.81
2020-02-11 11:00:00,WFC,48.165
2020-02-11 11:00:00,WM,125.21
2020-02-11 11:00:00,WMB,21.71
2020-02-11 11:00:00,WMT,114.89
2020-02-11 11:00:00,WRB,79.31
2020-02-11 11:00:00,XEL,69.11
2020-02-11 11:00:00,XOM,60.563
2020-02-11 11:00:00,ZION,46.59
2020-02-11 11:00:00,ZM,89.16
2020-02-11 11:00:00,ZS,60.61
2020-02-11 11:00:00,ZTS,143.99
2020-02-11 12:00:00,AAPL,322.693
2020-02-11 12:00:00,ABBV,96.0501
2020-02-11 12:00:00,ADBE,370.3
2020-02-11 12:00:00,ADI,117.59
2020-02-11 12:00:00,AEP,102.04
2020-02-11 12:00:00,AIG,54.4066
2020-02-11 12:00:00,ALL,125.22
2020-02-11 12:00:00,AMAT,64.33
2020-02-11 12:00:00,AMC,6.85
2020-02-11 12:00:00,AMD,54.1323
2020-02-11 12:00:00,AMGN,228.615
2020-02-11 12:00:00,AMP,178.7291
2020-02-11 12:00:00,AMT,253.475
2020-02-11 12:00:00,AMZN,2178.44
2020-02-11 12:00:00,APA,28.4
2020-02-11 12:00:00,ARE,171.82
2020-02-11 12:00:00,ASML,315.14
2020-02-11 12:00:00,AVB,222.77
2020-02-11 12:00:00,AVGO,319.13
2020-02-11 12:00:00,AWK,135.4
2020-02-11 12:00:00,AXP,132.85
2020-02-11 12:00:00,BA,345.23
2020-02-11 12:00:00,BAC,34.995
2020-02-11 12:00:00,BB,6.18
2020-02-11 12:00:00,BEN,25.205
2020-02-11 12:00:00,BIIB,330.62
2020-02-11 12:00:00,BK,46.5
2020-02-11 12:00:00,BKR,22.3672
2020-02-11 12:00:00,BLK,569.805
2020-02-11 12:00:00,BMY,67.34
2020-02-11 12:00:00,C,79.26
2020-02-11 12:00:00,CAG,32.76
2020-02-11 12:00:00,CAT,136.6318
2020-02-11 12:00:00,CB,163.97
2020-02-11 12:00:00,CCI,160.96
2020-02-11 12:00:00,CFG,39.055
2020-02-11 12:00:00,CHD,74.71
2020-02-11 12:00:00,CI,213.15
2020-02-11 12:00:00,CINF,114.86
2020-02-11 12:00:00,CL,76.285
2020-02-11 12:00:00,CLX,165.17
2020-02-11 12:00:00,CMCSA,44.635
2020-02-11 12:00:00,CME,212.045
2020-02-11 12:00:00,CMI,164.1
2020-02-11 12:00:00,COF,102.85
2020-02-11 12:00:00,COP,58.64
2020-02-11 12:00:00,COST,311.42
2020-02-11 12:00:00,CPB,48.865
2020-02-11 12:00:00,CRM,190.05
2020-02-11 12:00:00,CRWD,64.93
2020-02-11 12:00:00,CSCO,49.29
2020-02-11 12:00:00,CSX,79.19
2020-02-11 12:00:00,CTRA,14.625
2020-02-11 12:00:00,CVS,73.68
2020-02-11 12:00:00,CVX,111.175
2020-02-11 12:00:00,D,85.63
2020-02-11 12:00:00,DDOG,48.65
2020-02-11 12:00:00,DE,170.645
2020-02-11 12:00:00,DIS,141.175
2020-02-11 12:00:00,DKNG,16.775
2020-02-11 12:00:00,DLR,126.54
2020-02-11 12:00:00,DOCU,85.2
2020-02-11 12:00:00,DUK,96.79
2020-02-11 12:00:00,DVN,22.915
2020-02-11 12:00:00,ED,93.21
2020-02-11 12:00:00,EMR,74.35
2020-02-11 12:00:00,EOG,74.9
2020-02-11 12:00:00,EQR,84.75
2020-02-11 12:00:00,EQT,5.275
2020-02-11 12:00:00,ESS,317.62
2020-02-11 12:00:00,ETN,103.79
2020-02-11 12:00:00,EWBC,48.39
2020-02-11 12:00:00,FANG,72.815
2020-02-11 12:00:00,FDX,157.75
2020-02-11 12:00:00,FHN,16.565
2020-02-11 12:00:00,FITB,29.73
2020-02-11 12:00:00,GD,186.93
2020-02-11 12:00:00,GE,12.905
2020-02-11 12:00:00,GILD,67.7505
2020-02-11 12:00:00,GIS,52.775
2020-02-11 12:00:00,GME,4.19
2020-02-11 12:00:00,GOOGL,1519.39
2020-02-11 12:00:00,GS,238.16
2020-02-11 12:00:00,HAL,21.65
2020-02-11 12:00:00,HBAN,14.095
2020-02-11 12:00:00,HIG,59.415
2020-02-11 12:00:00,HON,179.38
2020-02-11 12:00:00,HRL,47.54
2020-02-11 12:00:00,HSY,157.5
2020-02-11 12:00:00,HUM,354.495
2020-02-11 12:00:00,IBM,153.09
2020-02-11 12:00:00,ICE,478.679095934
2020-02-11 12:00:00,INTC,67.35
2020-02-11 12:00:00,ITW,187.205
2020-02-11 12:00:00,IVZ,18.895
2020-02-11 12:00:00,JNJ,152.05
2020-02-11 12:00:00,JPM,138.4258
2020-02-11 12:00:00,KEY,19.8
2020-02-11 12:00:00,KHC,30.09
2020-02-11 12:00:00,KLAC,172.32
2020-02-11 12:00:00,KMB,145.1721
2020-02-11 12:00:00,KMI,21.44
2020-02-11 12:00:00,KO,59.57
2020-02-11 12:00:00,LLY,143.55
2020-02-11 12:00:00,LMT,439.935
2020-02-11 12:00:00,LNC,61.2013
2020-02-11 12:00:00,LRCX,325.66
2020-02-11 12:00:00,LW,94.615
2020-02-11 12:00:00,MA,332.6029
2020-02-11 12:00:00,MAA,141.77
2020-02-11 12:00:00,MARA,0.020448805
2020-02-11 12:00:00,MCD,214.7526
2020-02-11 12:00:00,MCHP,109.795
2020-02-11 12:00:00,MCO,270.66
2020-02-11 12:00:00,MDB,166.275
2020-02-11 12:00:00,MDLZ,58.865
2020-02-11 12:00:00,MET,52.665
2020-02-11 12:00:00,META,208.585
2020-02-11 12:00:00,MKC,163.57
2020-02-11 12:00:00,MMM,161.48
2020-02-11 12:00:00,MO,45.635
2020-02-11 12:00:00,MPC,56.25
2020-02-11 12:00:00,MRK,85.125
2020-02-11 12:00:00,MRVL,25.575
2020-02-11 12:00:00,MS,56.01
2020-02-11 12:00:00,MSCI,303.505
2020-02-11 12:00:00,MSFT,187.0
2020-02-11 12:00:00,MTB,170.28
2020-02-11 12:00:00,MU,57.83
2020-02-11 12:00:00,NDAQ,115.26
2020-02-11 12:00:00,NEE,272.7672
2020-02-11 12:00:00,NET,18.76
2020-02-11 12:00:00,NFLX,376.98
2020-02-11 12:00:00,NOC,367.9
2020-02-11 12:00:00,NOK,4.4214
2020-02-11 12:00:00,NSC,211.725
2020-02-11 12:00:00,NVDA,270.21
2020-02-11 12:00:00,NXPI,136.15
2020-02-11 12:00:00,O,79.4
2020-02-11 12:00:00,OKTA,137.5734
2020-02-11 12:00:00,ON,21.42
2020-02-11 12:00:00,ORCL,55.31
2020-02-11 12:00:00,OXY,41.69
2020-02-11 12:00:00,PANW,248.565
2020-02-11 12:00:00,PEG,57.835
2020-02-11 12:00:00,PEP,145.63
2020-02-11 12:00:00,PFE,38.05
2020-02-11 12:00:00,PFG,56.68
2020-02-11 12:00:00,PG,124.52
2020-02-11 12:00:00,PH,213.18
2020-02-11 12:00:00,PM,89.43
2020-02-11 12:00:00,PNC,155.44
2020-02-11 12:00:00,PRU,96.38
2020-02-11 12:00:00,PSA,227.31
2020-02-11 12:00:00,PSX,89.9
2020-02-11 12:00:00,PYPL,119.355
2020-02-11 12:00:00,QCOM,91.2347
2020-02-11 12:00:00,REGN,392.5
2020-02-11 12:00:00,RF,16.5536
2020-02-11 12:00:00,RIOT,0.1938888889
2020-02-11 12:00:00,ROKU,141.63
2020-02-11 12:00:00,RTX,156.458
2020-02-11 12:00:00,SCHW,47.755
2020-02-11 12:00:00,SHOP,495.75
2020-02-11 12:00:00,SJM,110.49
2020-02-11 12:00:00,SLB,34.21
2020-02-11 12:00:00,SO,68.42
2020-02-11 12:00:00,SPCE,21.3398
2020-02-11 12:00:00,SPG,141.39
2020-02-11 12:00:00,SPGI,295.28
2020-02-11 12:00:00,SPLK,168.4
2020-02-11 12:00:00,SQ,80.3893
2020-02-11 12:00:00,STM,30.925
2020-02-11 12:00:00,STT,80.445
2020-02-11 12:00:00,SYY,76.0
2020-02-11 12:00:00,T,38.2327
2020-02-11 12:00:00,TAP,58.38
2020-02-11 12:00:00,TEAM,149.6301
2020-02-11 12:00:00,TFC,55.07
2020-02-11 12:00:00,TROW,139.1692
2020-02-11 12:00:00,TRV,137.2187
2020-02-11 12:00:00,TSLA,777.41
2020-02-11 12:00:00,TSN,82.35
2020-02-11 12:00:00,TWLO,126.03
2020-02-11 12:00:00,TXN,130.79
2020-02-11 12:00:00,UBER,41.3298
2020-02-11 12:00:00,UNH,287.45
2020-02-11 12:00:00,UNP,184.62
2020-02-11 12:00:00,UPS,105.0
2020-02-11 12:00:00,USB,55.31
2020-02-11 12:00:00,V,205.685
2020-02-11 12:00:00,VLO,83.9
2020-02-11 12:00:00,VRTX,246.28
2020-02-11 12:00:00,VTR,58.64
2020-02-11 12:00:00,VZ,58.87
2020-02-11 12:00:00,WAL,57.435
2020-02-11 12:00:00,WEC,100.31
2020-02-11 12:00:00,WELL,84.675
2020-02-11 12:00:00,WFC,48.09
2020-02-11 12:00:00,WM,125.2
2020-02-11 12:00:00,WMB,21.58
2020-02-11 12:00:00,WMT,114.7
2020-02-11 12:00:00,WRB,79.17
2020-02-11 12:00:00,XEL,68.895
2020-02-11 12:00:00,XOM,60.5068
2020-02-11 12:00:00,ZION,46.77
2020-02-11 12:00:00,ZM,89.93
2020-02-11 12:00:00,ZS,60.7091
2020-02-11 12:00:00,ZTS,144.27
2020-02-11 13:00:00,AAPL,321.7777
2020-02-11 13:00:00,ABBV,96.07
2020-02-11 13:00:00,ADBE,369.51
2020-02-11 13:00:00,ADI,116.95
2020-02-11 13:00:00,AEP,102.115
2020-02-11 13:00:00,AIG,54.53
2020-02-11 13:00:00,ALL,125.2
2020-02-11 13:00:00,AMAT,64.1
2020-02-11 13:00:00,AMC,6.88
2020-02-11 13:00:00,AMD,53.99
2020-02-11 13:00:00,AMGN,228.82
2020-02-11 13:00:00,AMP,178.73
2020-02-11 13:00:00,AMT,253.2
2020-02-11 13:00:00,AMZN,2163.7
2020-02-11 13:00:00,APA,28.39
2020-02-11 13:00:00,ARE,171.785
2020-02-11 13:00:00,ASML,314.56
2020-02-11 13:00:00,AVB,222.87
2020-02-11 13:00:00,AVGO,319.81
2020-02-11 13:00:00,AWK,135.47
2020-02-11 13:00:00,AXP,132.63
2020-02-11 13:00:00,BA,344.6011
2020-02-11 13:00:00,BAC,34.98
2020-02-11 13:00:00,BB,6.14
2020-02-11 13:00:00,BEN,25.27
2020-02-11 13:00:00,BIIB,331.75
2020-02-11 13:00:00,BK,46.475
2020-02-11 13:00:00,BKR,22.27
2020-02-11 13:00:00,BLK,569.635
2020-02-11 13:00:00,BMY,67.12
2020-02-11 13:00:00,C,79.35
2020-02-11 13:00:00,CAG,32.77
2020-02-11 13:00:00,CAT,136.73
2020-02-11 13:00:00,CB,164.05
2020-02-11 13:00:00,CCI,160.305
2020-02-11 13:00:00,CFG,39.03
2020-02-11 13:00:00,CHD,74.84
2020-02-11 13:00:00,CI,213.8828
2020-02-11 13:00:00,CINF,114.89
2020-02-11 13:00:00,CL,76.36
2020-02-11 13:00:00,CLX,165.12
2020-02-11 13:00:00,CMCSA,44.702
2020-02-11 13:00:00,CME,212.33
2020-02-11 13:00:00,CMI,164.72
2020-02-11 13:00:00,COF,102.845
2020-02-11 13:00:00,COP,58.795
2020-02-11 13:00:00,COST,311.56
2020-02-11 13:00:00,CPB,48.99
2020-02-11 13:00:00,CRM,189.8762
2020-02-11 13:00:00,CRWD,64.9086
2020-02-11 13:00:00,CSCO,49.06
2020-02-11 13:00:00,CSX,78.98
2020-02-11 13:00:00,CTRA,14.635
2020-02-11 13:00:00,CVS,73.63
2020-02-11 13:00:00,CVX,111.0
2020-02-11 13:00:00,D,85.73
2020-02-11 13:00:00,DDOG,48.51
2020-02-11 13:00:00,DE,170.665
2020-02-11 13:00:00,DIS,140.79
2020-02-11 13:00:00,DKNG,16.944
2020-02-11 13:00:00,DLR,126.14
2020-02-11 13:00:00,DOCU,85.055
2020-02-11 13:00:00,DUK,96.91
2020-02-11 13:00:00,DVN,22.865
2020-02-11 13:00:00,ED,93.25
2020-02-11 13:00:00,EMR,74.21
2020-02-11 13:00:00,EOG,74.93
2020-02-11 13:00:00,EQR,84.67
2020-02-11 13:00:00,EQT,5.295
2020-02-11 13:00:00,ESS,317.61
2020-02-11 13:00:00,ETN,104.24
2020-02-11 13:00:00,EWBC,48.17
2020-02-11 13:00:00,FANG,72.71
2020-02-11 13:00:00,FDX,158.035
2020-02-11 13:00:00,FHN,16.545
2020-02-11 13:00:00,FITB,29.69
2020-02-11 13:00:00,GD,186.29
2020-02-11 13:00:00,GE,12.905
2020-02-11 13:00:00,GILD,67.79
2020-02-11 13:00:00,GIS,52.82
2020-02-11 13:00:00,GME,4.09
2020-02-11 13:00:00,GOOGL,1511.8589
2020-02-11 13:00:00,GS,237.525
2020-02-11 13:00:00,HAL,21.67
2020-02-11 13:00:00,HBAN,14.08
2020-02-11 13:00:00,HIG,59.45
2020-02-11 13:00:00,HON,179.74
2020-02-11 13:00:00,HRL,47.58
2020-02-11 13:00:00,HSY,157.82
2020-02-11 13:00:00,HUM,357.0
2020-02-11 13:00:00,IBM,153.06
2020-02-11 13:00:00,ICE,479.6636687277
2020-02-11 13:00:00,INTC,67.17
2020-02-11 13:00:00,ITW,187.63
2020-02-11 13:00:00,IVZ,18.92
2020-02-11 13:00:00,JNJ,151.87
2020-02-11 13:00:00,JPM,138.32
2020-02-11 13:00:00,KEY,19.785
2020-02-11 13:00:00,KHC,30.095
2020-02-11 13:00:00,KLAC,172.01
2020-02-11 13:00:00,KMB,145.1518
2020-02-11 13:00:00,KMI,21.435
2020-02-11 13:00:00,KO,59.7
2020-02-11 13:00:00,LLY,143.94
2020-02-11 13:00:00,LMT,438.845
2020-02-11 13:00:00,LNC,61.14
2020-02-11 13:00:00,LRCX,325.47
2020-02-11 13:00:00,LW,94.72
2020-02-11 13:00:00,MA,331.43
2020-02-11 13:00:00,MAA,141.36
2020-02-11 13:00:00,MARA,0.0197728115
2020-02-11 13:00:00,MCD,215.73
2020-02-11 13:00:00,MCHP,109.14
2020-02-11 13:00:00,MCO,270.71
2020-02-11 13:00:00,MDB,166.1
2020-02-11 13:00:00,MDLZ,59.055
2020-02-11 13:00:00,MET,52.7
2020-02-11 13:00:00,META,208.11
2020-02-11 13:00:00,MKC,163.49
2020-02-11 13:00:00,MMM,162.31
2020-02-11 13:00:00,MO,45.61
2020-02-11 13:00:00,MPC,56.45
2020-02-11 13:00:00,MRK,85.13
2020-02-11 13:00:00,MRVL,25.43
2020-02-11 13:00:00,MS,55.98
2020-02-11 13:00:00,MSCI,303.265
2020-02-11 13:00:00,MSFT,186.1901
2020-02-11 13:00:00,MTB,170.31
2020-02-11 13:00:00,MU,56.891
2020-02-11 13:00:00,NDAQ,115.18
2020-02-11 13:00:00,NEE,273.45
2020-02-11 13:00:00,NET,18.8
2020-02-11 13:00:00,NFLX,375.802
2020-02-11 13:00:00,NOC,366.9788
2020-02-11 13:00:00,NOK,4.425
2020-02-11 13:00:00,NSC,210.91
2020-02-11 13:00:00,NVDA,267.49
2020-02-11 13:00:00,NXPI,136.14
2020-02-11 13:00:00,O,79.1
2020-02-11 13:00:00,OKTA,137.28
2020-02-11 13:00:00,ON,21.415
2020-02-11 13:00:00,ORCL,55.36
2020-02-11 13:00:00,OXY,41.42
2020-02-11 13:00:00,PANW,248.331
2020-02-11 13:00:00,PEG,57.83
2020-02-11 13:00:00,PEP,145.92
2020-02-11 13:00:00,PFE,37.95
2020-02-11 13:00:00,PFG,56.565
2020-02-11 13:00:00,PG,124.285
2020-02-11 13:00:00,PH,213.4244
2020-02-11 13:00:00,PM,89.535
2020-02-11 13:00:00,PNC,155.38
2020-02-11 13:00:00,PRU,96.265
2020-02-11 13:00:00,PSA,226.915
2020-02-11 13:00:00,PSX,89.91
2020-02-11 13:00:00,PYPL,118.85
2020-02-11 13:00:00,QCOM,90.53
2020-02-11 13:00:00,REGN,394.085
2020-02-11 13:00:00,RF,16.525
2020-02-11 13:00:00,RIOT,0.19
2020-02-11 13:00:00,ROKU,140.43
2020-02-11 13:00:00,RTX,155.88
2020-02-11 13:00:00,SCHW,47.895
2020-02-11 13:00:00,SHOP,495.51
2020-02-11 13:00:00,SJM,110.61
2020-02-11 13:00:00,SLB,34.075
2020-02-11 13:00:00,SO,68.394
2020-02-11 13:00:00,SPCE,21.35
2020-02-11 13:00:00,SPG,141.57
2020-02-11 13:00:00,SPGI,294.51
2020-02-11 13:00:00,SPLK,168.49
2020-02-11 13:00:00,SQ,80.19
2020-02-11 13:00:00,STM,30.88
2020-02-11 13:00:00,STT,80.4262
2020-02-11 13:00:00,SYY,75.9121
2020-02-11 13:00:00,T,38.31
2020-02-11 13:00:00,TAP,58.445
2020-02-11 13:00:00,TEAM,148.18
2020-02-11 13:00:00,TFC,54.91
2020-02-11 13:00:00,TROW,139.02
2020-02-11 13:00:00,TRV,137.31
2020-02-11 13:00:00,TSLA,777.02
2020-02-11 13:00:00,TSN,81.84
2020-02-11 13:00:00,TWLO,125.645
2020-02-11 13:00:00,TXN,130.67
2020-02-11 13:00:00,UBER,41.085
2020-02-11 13:00:00,UNH,289.05
2020-02-11 13:00:00,UNP,184.12
2020-02-11 13:00:00,UPS,105.32
2020-02-11 13:00:00,USB,55.24
2020-02-11 13:00:00,V,205.5
2020-02-11 13:00:00,VLO,83.911
2020-02-11 13:00:00,VRTX,246.07
2020-02-11 13:00:00,VTR,58.44
2020-02-11 13:00:00,VZ,58.94
2020-02-11 13:00:00,WAL,57.335
2020-02-11 13:00:00,WEC,100.31
2020-02-11 13:00:00,WELL,84.73
2020-02-11 13:00:00,WFC,48.14
2020-02-11 13:00:00,WM,125.17
2020-02-11 13:00:00,WMB,21.43
2020-02-11 13:00:00,WMT,114.78
2020-02-11 13:00:00,WRB,79.1552
2020-02-11 13:00:00,XEL,68.99
2020-02-11 13:00:00,XOM,60.3534
2020-02-11 13:00:00,ZION,46.61
2020-02-11 13:00:00,ZM,89.27
2020-02-11 13:00:00,ZS,60.99
2020-02-11 13:00:00,ZTS,143.56
2020-02-11 14:00:00,AAPL,320.68
2020-02-11 14:00:00,ABBV,95.98
2020-02-11 14:00:00,ADBE,368.81
2020-02-11 14:00:00,ADI,116.8
2020-02-11 14:00:00,AEP,102.055
2020-02-11 14:00:00,AIG,54.53
2020-02-11 14:00:00,ALL,125.2667
2020-02-11 14:00:00,AMAT,64.07
2020-02-11 14:00:00,AMC,6.95
2020-02-11 14:00:00,AMD,53.92
2020-02-11 14:00:00,AMGN,228.91
2020-02-11 14:00:00,AMP,178.57
2020-02-11 14:00:00,AMT,253.46
2020-02-11 14:00:00,AMZN,2155.89
2020-02-11 14:00:00,APA,28.315
2020-02-11 14:00:00,ARE,171.64
2020-02-11 14:00:00,ASML,314.545
2020-02-11 14:00:00,AVB,222.25
2020-02-11 14:00:00,AVGO,320.4128
2020-02-11 14:00:00,AWK,135.25
2020-02-11 14:00:00,AXP,132.635
2020-02-11 14:00:00,BA,344.71
2020-02-11 14:00:00,BAC,34.94
2020-02-11 14:00:00,BB,6.16
2020-02-11 14:00:00,BEN,25.24
2020-02-11 14:00:00,BIIB,331.79
2020-02-11 14:00:00,BK,46.46
2020-02-11 14:00:00,BKR,22.16
2020-02-11 14:00:00,BLK,569.845
2020-02-11 14:00:00,BMY,67.235
2020-02-11 14:00:00,C,79.28
2020-02-11 14:00:00,CAG,32.75
2020-02-11 14:00:00,CAT,136.525
2020-02-11 14:00:00,CB,164.035
2020-02-11 14:00:00,CCI,160.37
2020-02-11 14:00:00,CFG,39.1
2020-02-11 14:00:00,CHD,74.75
2020-02-11 14:00:00,CI,214.175
2020-02-11 14:00:00,CINF,114.96
2020-02-11 14:00:00,CL,76.34
2020-02-11 14:00:00,CLX,165.0
2020-02-11 14:00:00,CMCSA,44.77
2020-02-11 14:00:00,CME,212.23
2020-02-11 14:00:00,CMI,164.8493
2020-02-11 14:00:00,COF,102.69
2020-02-11 14:00:00,COP,58.87
2020-02-11 14:00:00,COST,310.78
2020-02-11 14:00:00,CPB,48.93
2020-02-11 14:00:00,CRM,189.49
2020-02-11 14:00:00,CRWD,65.12
2020-02-11 14:00:00,CSCO,49.085
2020-02-11 14:00:00,CSX,78.73
2020-02-11 14:00:00,CTRA,14.735
2020-02-11 14:00:00,CVS,73.81
2020-02-11 14:00:00,CVX,111.0
2020-02-11 14:00:00,D,85.12
2020-02-11 14:00:00,DDOG,48.0969
2020-02-11 14:00:00,DE,170.1
2020-02-11 14:00:00,DIS,141.0075
2020-02-11 14:00:00,DKNG,16.85
2020-02-11 14:00:00,DLR,125.76
2020-02-11 14:00:00,DOCU,85.2723
2020-02-11 14:00:00,DUK,96.995
2020-02-11 14:00:00,DVN,22.855
2020-02-11 14:00:00,ED,93.13
2020-02-11 14:00:00,EMR,74.04
2020-02-11 14:00:00,EOG,74.78
2020-02-11 14:00:00,EQR,84.67
2020-02-11 14:00:00,EQT,5.195
2020-02-11 14:00:00,ESS,317.49
2020-02-11 14:00:00,ETN,104.0
2020-02-11 14:00:00,EWBC,48.16
2020-02-11 14:00:00,FANG,72.53
2020-02-11 14:00:00,FDX,158.54
2020-02-11 14:00:00,FHN,16.63
2020-02-11 14:00:00,FITB,29.73
2020-02-11 14:00:00,GD,186.645
2020-02-11 14:00:00,GE,12.8522
2020-02-11 14:00:00,GILD,67.84
2020-02-11 14:00:00,GIS,52.835
2020-02-11 14:00:00,GME,4.06
2020-02-11 14:00:00,GOOGL,1512.6229
2020-02-11 14:00:00,GS,237.08
2020-02-11 14:00:00,HAL,21.65
2020-02-11 14:00:00,HBAN,14.08
2020-02-11 14:00:00,HIG,59.395
2020-02-11 14:00:00,HON,179.25
2020-02-11 14:00:00,HRL,47.53
2020-02-11 14:00:00,HSY,158.01
2020-02-11 14:00:00,HUM,356.245
2020-02-11 14:00:00,IBM,153.27
2020-02-11 14:00:00,ICE,478.9567959528
2020-02-11 14:00:00,INTC,67.34
2020-02-11 14:00:00,ITW,187.44
2020-02-11 14:00:00,IVZ,18.855
2020-02-11 14:00:00,JNJ,152.17
2020-02-11 14:00:00,JPM,138.32
2020-02-11 14:00:00,KEY,19.78
2020-02-11 14:00:00,KHC,30.0
2020-02-11 14:00:00,KLAC,172.595
2020-02-11 14:00:00,KMB,145.13
2020-02-11 14:00:00,KMI,21.465
2020-02-11 14:00:00,KO,59.665
2020-02-11 14:00:00,LLY,144.52
2020-02-11 14:00:00,LMT,440.42
2020-02-11 14:00:00,LNC,61.08
2020-02-11 14:00:00,LRCX,325.41
2020-02-11 14:00:00,LW,94.56
2020-02-11 14:00:00,MA,330.92
2020-02-11 14:00:00,MAA,141.38
2020-02-11 14:00:00,MARA,0.0202781167
2020-02-11 14:00:00,MCD,215.1
2020-02-11 14:00:00,MCHP,108.98
2020-02-11 14:00:00,MCO,270.65
2020-02-11 14:00:00,MDB,166.0001
2020-02-11 14:00:00,MDLZ,59.055
2020-02-11 14:00:00,MET,52.575
2020-02-11 14:00:00,META,207.6
2020-02-11 14:00:00,MKC,163.46
2020-02-11 14:00:00,MMM,162.18
2020-02-11 14:00:00,MO,45.645
2020-02-11 14:00:00,MPC,56.495
2020-02-11 14:00:00,MRK,85.325
2020-02-11 14:00:00,MRVL,25.355
2020-02-11 14:00:00,MS,55.89
2020-02-11 14:00:00,MSCI,303.65
2020-02-11 14:00:00,MSFT,184.75
2020-02-11 14:00:00,MTB,170.06
2020-02-11 14:00:00,MU,57.305
2020-02-11 14:00:00,NDAQ,115.05
2020-02-11 14:00:00,NEE,272.61
2020-02-11 14:00:00,NET,18.43
2020-02-11 14:00:00,NFLX,374.53
2020-02-11 14:00:00,NOC,368.545
2020-02-11 14:00:00,NOK,4.4
2020-02-11 14:00:00,NSC,209.805
2020-02-11 14:00:00,NVDA,267.38
2020-02-11 14:00:00,NXPI,135.89
2020-02-11 14:00:00,O,78.72
2020-02-11 14:00:00,OKTA,137.3183
2020-02-11 14:00:00,ON,21.49
2020-02-11 14:00:00,ORCL,55.285
2020-02-11 14:00:00,OXY,41.295
2020-02-11 14:00:00,PANW,247.87
2020-02-11 14:00:00,PEG,57.71
2020-02-11 14:00:00,PEP,146.05
2020-02-11 14:00:00,PFE,38.01
2020-02-11 14:00:00,PFG,56.515
2020-02-11 14:00:00,PG,124.14
2020-02-11 14:00:00,PH,213.02
2020-02-11 14:00:00,PM,89.38
2020-02-11 14:00:00,PNC,155.49
2020-02-11 14:00:00,PRU,96.235
2020-02-11 14:00:00,PSA,225.96
2020-02-11 14:00:00,PSX,89.92
2020-02-11 14:00:00,PYPL,118.77
2020-02-11 14:00:00,QCOM,90.02
2020-02-11 14:00:00,REGN,396.005
2020-02-11 14:00:00,RF,16.5
2020-02-11 14:00:00,RIOT,0.1866666667
2020-02-11 14:00:00,ROKU,137.0198
2020-02-11 14:00:00,RTX,155.605
2020-02-11 14:00:00,SCHW,47.7
2020-02-11 14:00:00,SHOP,493.91
2020-02-11 14:00:00,SJM,110.55
2020-02-11 14:00:00,SLB,34.13
2020-02-11 14:00:00,SO,68.52
2020-02-11 14:00:00,SPCE,21.7238
2020-02-11 14:00:00,SPG,141.58
2020-02-11 14:00:00,SPGI,293.38
2020-02-11 14:00:00,SPLK,167.75
2020-02-11 14:00:00,SQ,79.99
2020-02-11 14:00:00,STM,30.86
2020-02-11 14:00:00,STT,80.26
2020-02-11 14:00:00,SYY,76.09
2020-02-11 14:00:00,T,38.245
2020-02-11 14:00:00,TAP,58.01
2020-02-11 14:00:00,TEAM,148.39
2020-02-11 14:00:00,TFC,54.89
2020-02-11 14:00:00,TROW,138.704
2020-02-11 14:00:00,TRV,137.26
2020-02-11 14:00:00,TSLA,769.8248
2020-02-11 14:00:00,TSN,81.07
2020-02-11 14:00:00,TWLO,125.05
2020-02-11 14:00:00,TXN,130.66
2020-02-11 14:00:00,UBER,41.205
2020-02-11 14:00:00,UNH,289.49
2020-02-11 14:00:00,UNP,184.06
2020-02-11 14:00:00,UPS,105.24
2020-02-11 14:00:00,USB,55.2
2020-02-11 14:00:00,V,204.27
2020-02-11 14:00:00,VLO,84.005
2020-02-11 14:00:00,VRTX,247.77
2020-02-11 14:00:00,VTR,58.26
2020-02-11 14:00:00,VZ,58.84
2020-02-11 14:00:00,WAL,57.45
2020-02-11 14:00:00,WEC,100.27
2020-02-11 14:00:00,WELL,84.81
2020-02-11 14:00:00,WFC,48.165
2020-02-11 14:00:00,WM,124.98
2020-02-11 14:00:00,WMB,21.43
2020-02-11 14:00:00,WMT,114.76
2020-02-11 14:00:00,WRB,79.3
2020-02-11 14:00:00,XEL,69.03
2020-02-11 14:00:00,XOM,60.35
2020-02-11 14:00:00,ZION,46.53
2020-02-11 14:00:00,ZM,89.12
2020-02-11 14:00:00,ZS,61.03
2020-02-11 14:00:00,ZTS,144.0
2020-02-11 15:00:00,AAPL,319.61
2020-02-11 15:00:00,ABBV,96.01
2020-02-11 15:00:00,ADBE,369.28
2020-02-11 15:00:00,ADI,116.87
2020-02-11 15:00:00,AEP,102.22
2020-02-11 15:00:00,AIG,54.47
2020-02-11 15:00:00,ALL,125.11
2020-02-11 15:00:00,AMAT,64.45
2020-02-11 15:00:00,AMC,6.94
2020-02-11 15:00:00,AMD,53.8
2020-02-11 15:00:00,AMGN,229.0
2020-02-11 15:00:00,AMP,177.63
2020-02-11 15:00:00,AMT,254.33
2020-02-11 15:00:00,AMZN,2152.27
2020-02-11 15:00:00,APA,28.17
2020-02-11 15:00:00,ARE,171.65
2020-02-11 15:00:00,ASML,315.97
2020-02-11 15:00:00,AVB,222.88
2020-02-11 15:00:00,AVGO,320.17
2020-02-11 15:00:00,AWK,135.32
2020-02-11 15:00:00,AXP,132.62
2020-02-11 15:00:00,BA,344.48
2020-02-11 15:00:00,BAC,34.775
2020-02-11 15:00:00,BB,6.195
2020-02-11 15:00:00,BEN,25.17
2020-02-11 15:00:00,BIIB,332.29
2020-02-11 15:00:00,BK,46.43
2020-02-11 15:00:00,BKR,22.13
2020-02-11 15:00:00,BLK,570.44
2020-02-11 15:00:00,BMY,67.0
2020-02-11 15:00:00,C,79.08
2020-02-11 15:00:00,CAG,32.8
2020-02-11 15:00:00,CAT,136.195
2020-02-11 15:00:00,CB,164.13
2020-02-11 15:00:00,CCI,161.08
2020-02-11 15:00:00,CFG,39.0
2020-02-11 15:00:00,CHD,74.77
2020-02-11 15:00:00,CI,215.21
2020-02-11 15:00:00,CINF,114.95
2020-02-11 15:00:00,CL,76.12
2020-02-11 15:00:00,CLX,164.76
2020-02-11 15:00:00,CMCSA,44.79
2020-02-11 15:00:00,CME,211.78
2020-02-11 15:00:00,CMI,164.25
2020-02-11 15:00:00,COF,102.4
2020-02-11 15:00:00,COP,58.71
2020-02-11 15:00:00,COST,310.69
2020-02-11 15:00:00,CPB,48.73
2020-02-11 15:00:00,CRM,189.11
2020-02-11 15:00:00,CRWD,65.19
2020-02-11 15:00:00,CSCO,49.15
2020-02-11 15:00:00,CSX,78.54
2020-02-11 15:00:00,CTRA,14.76
2020-02-11 15:00:00,CVS,73.87
2020-02-11 15:00:00,CVX,111.21
2020-02-11 15:00:00,D,85.22
2020-02-11 15:00:00,DDOG,47.82
2020-02-11 15:00:00,DE,170.26
2020-02-11 15:00:00,DIS,141.0
2020-02-11 15:00:00,DKNG,16.84
2020-02-11 15:00:00,DLR,125.56
2020-02-11 15:00:00,DOCU,85.32
2020-02-11 15:00:00,DUK,96.99
2020-02-11 15:00:00,DVN,22.69
2020-02-11 15:00:00,ED,93.17
2020-02-11 15:00:00,EMR,73.83
2020-02-11 15:00:00,EOG,74.79
2020-02-11 15:00:00,EQR,84.795
2020-02-11 15:00:00,EQT,5.13
2020-02-11 15:00:00,ESS,317.72
2020-02-11 15:00:00,ETN,103.55
2020-02-11 15:00:00,EWBC,47.89
2020-02-11 15:00:00,FANG,72.51
2020-02-11 15:00:00,FDX,158.0
2020-02-11 15:00:00,FHN,16.63
2020-02-11 15:00:00,FITB,29.51
2020-02-11 15:00:00,GD,186.94
2020-02-11 15:00:00,GE,12.8448
2020-02-11 15:00:00,GILD,67.76
2020-02-11 15:00:00,GIS,52.77
2020-02-11 15:00:00,GME,4.03
2020-02-11 15:00:00,GOOGL,1510.15
2020-02-11 15:00:00,GS,236.46
2020-02-11 15:00:00,HAL,21.74
2020-02-11 15:00:00,HBAN,14.03
2020-02-11 15:00:00,HIG,59.48
2020-02-11 15:00:00,HON,179.12
2020-02-11 15:00:00,HRL,47.48
2020-02-11 15:00:00,HSY,157.65
2020-02-11 15:00:00,HUM,357.17
2020-02-11 15:00:00,IBM,153.48
2020-02-11 15:00:00,ICE,478.4013959153
2020-02-11 15:00:00,INTC,67.41
2020-02-11 15:00:00,ITW,187.13
2020-02-11 15:00:00,IVZ,18.88
2020-02-11 15:00:00,JNJ,151.99
2020-02-11 15:00:00,JPM,138.0
2020-02-11 15:00:00,KEY,19.7
2020-02-11 15:00:00,KHC,30.01
2020-02-11 15:00:00,KLAC,173.04
2020-02-11 15:00:00,KMB,145.27
2020-02-11 15:00:00,KMI,21.465
2020-02-11 15:00:00,KO,59.6
2020-02-11 15:00:00,LLY,144.22
2020-02-11 15:00:00,LMT,439.84
2020-02-11 15:00:00,LNC,60.55
2020-02-11 15:00:00,LRCX,325.65
2020-02-11 15:00:00,LW,95.13
2020-02-11 15:00:00,MA,330.91
2020-02-11 15:00:00,MAA,141.94
2020-02-11 15:00:00,MARA,0.0199418099
2020-02-11 15:00:00,MCD,215.81
2020-02-11 15:00:00,MCHP,108.86
2020-02-11 15:00:00,MCO,270.94
2020-02-11 15:00:00,MDB,166.8
2020-02-11 15:00:00,MDLZ,58.86
2020-02-11 15:00:00,MET,52.38
2020-02-11 15:00:00,META,207.15
2020-02-11 15:00:00,MKC,163.29
2020-02-11 15:00:00,MMM,162.44
2020-02-11 15:00:00,MO,45.57
2020-02-11 15:00:00,MPC,56.76
2020-02-11 15:00:00,MRK,85.26
2020-02-11 15:00:00,MRVL,25.5
2020-02-11 15:00:00,MS,55.77
2020-02-11 15:00:00,MSCI,303.57
2020-02-11 15:00:00,MSFT,184.44
2020-02-11 15:00:00,MTB,169.32
2020-02-11 15:00:00,MU,57.25
2020-02-11 15:00:00,NDAQ,114.8
2020-02-11 15:00:00,NEE,272.16
2020-02-11 15:00:00,NET,18.37
2020-02-11 15:00:00,NFLX,373.72
2020-02-11 15:00:00,NOC,368.04
2020-02-11 15:00:00,NOK,4.41
2020-02-11 15:00:00,NSC,209.2
2020-02-11 15:00:00,NVDA,267.91
2020-02-11 15:00:00,NXPI,135.61
2020-02-11 15:00:00,O,78.68
2020-02-11 15:00:00,OKTA,137.27
2020-02-11 15:00:00,ON,21.39
2020-02-11 15:00:00,ORCL,55.15
2020-02-11 15:00:00,OXY,41.18
2020-02-11 15:00:00,PANW,246.67
2020-02-11 15:00:00,PEG,57.81
2020-02-11 15:00:00,PEP,146.07
2020-02-11 15:00:00,PFE,38.1
2020-02-11 15:00:00,PFG,56.35
2020-02-11 15:00:00,PG,124.15
2020-02-11 15:00:00,PH,212.24
2020-02-11 15:00:00,PM,89.46
2020-02-11 15:00:00,PNC,154.79
2020-02-11 15:00:00,PRU,95.88
2020-02-11 15:00:00,PSA,226.33
2020-02-11 15:00:00,PSX,90.26
2020-02-11 15:00:00,PYPL,118.85
2020-02-11 15:00:00,QCOM,90.0
2020-02-11 15:00:00,REGN,396.75
2020-02-11 15:00:00,RF,16.41
2020-02-11 15:00:00,RIOT,0.1844444444
2020-02-11 15:00:00,ROKU,136.89
2020-02-11 15:00:00,RTX,155.25
2020-02-11 15:00:00,SCHW,47.67
2020-02-11 15:00:00,SHOP,492.78
2020-02-11 15:00:00,SJM,110.25
2020-02-11 15:00:00,SLB,34.29
2020-02-11 15:00:00,SO,68.59
2020-02-11 15:00:00,SPCE,21.94
2020-02-11 15:00:00,SPG,142.09
2020-02-11 15:00:00,SPGI,294.12
2020-02-11 15:00:00,SPLK,168.095
2020-02-11 15:00:00,SQ,79.88
2020-02-11 15:00:00,STM,30.94
2020-02-11 15:00:00,STT,79.79
2020-02-11 15:00:00,SYY,76.26
2020-02-11 15:00:00,T,38.18
2020-02-11 15:00:00,TAP,58.04
2020-02-11 15:00:00,TEAM,149.0
2020-02-11 15:00:00,TFC,54.81
2020-02-11 15:00:00,TROW,138.6
2020-02-11 15:00:00,TRV,137.41
2020-02-11 15:00:00,TSLA,774.02
2020-02-11 15:00:00,TSN,80.99
2020-02-11 15:00:00,TWLO,125.46
2020-02-11 15:00:00,TXN,130.66
2020-02-11 15:00:00,UBER,41.27
2020-02-11 15:00:00,UNH,290.77
2020-02-11 15:00:00,UNP,183.3
2020-02-11 15:00:00,UPS,104.87
2020-02-11 15:00:00,USB,54.93
2020-02-11 15:00:00,V,203.98
2020-02-11 15:00:00,VLO,84.25
2020-02-11 15:00:00,VRTX,247.84
2020-02-11 15:00:00,VTR,58.36
2020-02-11 15:00:00,VZ,58.685
2020-02-11 15:00:00,WAL,57.04
2020-02-11 15:00:00,WEC,100.18
2020-02-11 15:00:00,WELL,84.88
2020-02-11 15:00:00,WFC,47.99
2020-02-11 15:00:00,WM,124.97
2020-02-11 15:00:00,WMB,21.465
2020-02-11 15:00:00,WMT,115.4
2020-02-11 15:00:00,WRB,79.28
2020-02-11 15:00:00,XEL,68.97
2020-02-11 15:00:00,XOM,60.53
2020-02-11 15:00:00,ZION,46.26
2020-02-11 15:00:00,ZM,88.64
2020-02-11 15:00:00,ZS,60.925
2020-02-11 15:00:00,ZTS,144.03
2020-02-11 16:00:00,AAPL,319.59
2020-02-11 16:00:00,ABBV,96.0
2020-02-11 16:00:00,ADBE,369.28
2020-02-11 16:00:00,ADI,116.88
2020-02-11 16:00:00,AEP,102.22
2020-02-11 16:00:00,AIG,54.47
2020-02-11 16:00:00,ALL,125.1
2020-02-11 16:00:00,AMAT,64.61
2020-02-11 16:00:00,AMC,6.94
2020-02-11 16:00:00,AMD,53.77
2020-02-11 16:00:00,AMGN,228.96
2020-02-11 16:00:00,AMP,177.63
2020-02-11 16:00:00,AMT,254.27
2020-02-11 16:00:00,AMZN,2151.5
2020-02-11 16:00:00,APA,28.17
2020-02-11 16:00:00,ARE,171.65
2020-02-11 16:00:00,ASML,316.01
2020-02-11 16:00:00,AVB,222.88
2020-02-11 16:00:00,AVGO,320.16
2020-02-11 16:00:00,AWK,135.34
2020-02-11 16:00:00,AXP,132.63
2020-02-11 16:00:00,BA,344.48
2020-02-11 16:00:00,BAC,34.77
2020-02-11 16:00:00,BB,6.2
2020-02-11 16:00:00,BEN,25.16
2020-02-11 16:00:00,BIIB,332.29
2020-02-11 16:00:00,BK,46.42
2020-02-11 16:00:00,BKR,22.14
2020-02-11 16:00:00,BLK,570.44
2020-02-11 16:00:00,BMY,66.99
2020-02-11 16:00:00,C,79.09
2020-02-11 16:00:00,CAG,32.8
2020-02-11 16:00:00,CAT,136.19
2020-02-11 16:00:00,CB,164.14
2020-02-11 16:00:00,CCI,161.03
2020-02-11 16:00:00,CFG,39.0
2020-02-11 16:00:00,CHD,74.78
2020-02-11 16:00:00,CI,215.18
2020-02-11 16:00:00,CINF,114.92
2020-02-11 16:00:00,CL,76.11
2020-02-11 16:00:00,CLX,164.76
2020-02-11 16:00:00,CMCSA,44.79
2020-02-11 16:00:00,CME,211.65
2020-02-11 16:00:00,CMI,164.3
2020-02-11 16:00:00,COF,102.4
2020-02-11 16:00:00,COP,58.71
2020-02-11 16:00:00,COST,310.68
2020-02-11 16:00:00,CPB,48.73
2020-02-11 16:00:00,CRM,189.11
2020-02-11 16:00:00,CRWD,65.19
2020-02-11 16:00:00,CSCO,49.2
2020-02-11 16:00:00,CSX,78.52
2020-02-11 16:00:00,CTRA,14.76
2020-02-11 16:00:00,CVS,73.92
2020-02-11 16:00:00,CVX,111.21
2020-02-11 16:00:00,D,85.22
2020-02-11 16:00:00,DDOG,47.81
2020-02-11 16:00:00,DE,170.26
2020-02-11 16:00:00,DIS,141.01
2020-02-11 16:00:00,DKNG,16.81
2020-02-11 16:00:00,DLR,125.52
2020-02-11 16:00:00,DOCU,85.33
2020-02-11 16:00:00,DUK,96.99
2020-02-11 16:00:00,DVN,22.7
2020-02-11 16:00:00,ED,93.18
2020-02-11 16:00:00,EMR,73.83
2020-02-11 16:00:00,EOG,74.79
2020-02-11 16:00:00,EQR,84.79
2020-02-11 16:00:00,EQT,5.13
2020-02-11 16:00:00,ESS,317.83
2020-02-11 16:00:00,ETN,103.53
2020-02-11 16:00:00,EWBC,47.91
2020-02-11 16:00:00,FANG,71.67
2020-02-11 16:00:00,FDX,158.0
2020-02-11 16:00:00,FHN,16.62
2020-02-11 16:00:00,FITB,29.51
2020-02-11 16:00:00,GD,186.94
2020-02-11 16:00:00,GE,12.83
2020-02-11 16:00:00,GILD,67.76
2020-02-11 16:00:00,GIS,52.76
2020-02-11 16:00:00,GME,4.02
2020-02-11 16:00:00,GOOGL,1511.8
2020-02-11 16:00:00,GS,236.46
2020-02-11 16:00:00,HAL,21.73
2020-02-11 16:00:00,HBAN,14.03
2020-02-11 16:00:00,HIG,59.48
2020-02-11 16:00:00,HON,179.15
2020-02-11 16:00:00,HRL,47.48
2020-02-11 16:00:00,HSY,157.65
2020-02-11 16:00:00,HUM,357.17
2020-02-11 16:00:00,IBM,153.48
2020-02-11 16:00:00,ICE,478.4518868278
2020-02-11 16:00:00,INTC,67.41
2020-02-11 16:00:00,ITW,187.13
2020-02-11 16:00:00,IVZ,18.89
2020-02-11 16:00:00,JNJ,151.99
2020-02-11 16:00:00,JPM,138.0
2020-02-11 16:00:00,KEY,19.7
2020-02-11 16:00:00,KHC,30.01
2020-02-11 16:00:00,KLAC,173.04
2020-02-11 16:00:00,KMB,145.25
2020-02-11 16:00:00,KMI,21.46
2020-02-11 16:00:00,KO,59.59
2020-02-11 16:00:00,LLY,144.217
2020-02-11 16:00:00,LMT,439.85
2020-02-11 16:00:00,LNC,60.55
2020-02-11 16:00:00,LRCX,325.67
2020-02-11 16:00:00,LW,95.13
2020-02-11 16:00:00,MA,330.92
2020-02-11 16:00:00,MAA,141.94
2020-02-11 16:00:00,MCD,215.73
2020-02-11 16:00:00,MCHP,108.86
2020-02-11 16:00:00,MCO,270.99
2020-02-11 16:00:00,MDB,166.81
2020-02-11 16:00:00,MDLZ,58.87
2020-02-11 16:00:00,MET,52.39
2020-02-11 16:00:00,META,207.18
2020-02-11 16:00:00,MKC,163.25
2020-02-11 16:00:00,MMM,162.45
2020-02-11 16:00:00,MO,45.57
2020-02-11 16:00:00,MPC,56.76
2020-02-11 16:00:00,MRK,85.25
2020-02-11 16:00:00,MRVL,25.5
2020-02-11 16:00:00,MS,55.78
2020-02-11 16:00:00,MSCI,303.57
2020-02-11 16:00:00,MSFT,184.29
2020-02-11 16:00:00,MTB,169.36
2020-02-11 16:00:00,MU,57.25
2020-02-11 16:00:00,NDAQ,114.8
2020-02-11 16:00:00,NEE,272.15
2020-02-11 16:00:00,NET,18.37
2020-02-11 16:00:00,NFLX,373.69
2020-02-11 16:00:00,NOC,368.04
2020-02-11 16:00:00,NOK,4.41
2020-02-11 16:00:00,NSC,209.17
2020-02-11 16:00:00,NVDA,268.05
2020-02-11 16:00:00,NXPI,135.52
2020-02-11 16:00:00,O,78.68
2020-02-11 16:00:00,OKTA,137.27
2020-02-11 16:00:00,ON,21.4
2020-02-11 16:00:00,ORCL,55.15
2020-02-11 16:00:00,OXY,41.17
2020-02-11 16:00:00,PANW,246.83
2020-02-11 16:00:00,PEG,57.82
2020-02-11 16:00:00,PEP,146.08
2020-02-11 16:00:00,PFE,38.09
2020-02-11 16:00:00,PFG,56.34
2020-02-11 16:00:00,PG,124.16
2020-02-11 16:00:00,PH,212.25
2020-02-11 16:00:00,PM,89.44
2020-02-11 16:00:00,PNC,154.79
2020-02-11 16:00:00,PRU,95.87
2020-02-11 16:00:00,PSA,226.36
2020-02-11 16:00:00,PSX,90.27
2020-02-11 16:00:00,PYPL,118.84
2020-02-11 16:00:00,QCOM,89.82
2020-02-11 16:00:00,REGN,396.75
2020-02-11 16:00:00,RF,16.41
2020-02-11 16:00:00,RIOT,0.1866666667
2020-02-11 16:00:00,ROKU,136.7
2020-02-11 16:00:00,RTX,155.25
2020-02-11 16:00:00,SCHW,47.67
2020-02-11 16:00:00,SHOP,492.48
2020-02-11 16:00:00,SJM,110.26
2020-02-11 16:00:00,SLB,34.29
2020-02-11 16:00:00,SO,68.59
2020-02-11 16:00:00,SPCE,22.09
2020-02-11 16:00:00,SPG,142.08
2020-02-11 16:00:00,SPGI,294.12
2020-02-11 16:00:00,SPLK,168.1
2020-02-11 16:00:00,SQ,79.88
2020-02-11 16:00:00,STM,30.94
2020-02-11 16:00:00,STT,79.78
2020-02-11 16:00:00,SYY,76.27
2020-02-11 16:00:00,T,38.17
2020-02-11 16:00:00,TAP,58.05
2020-02-11 16:00:00,TEAM,149.0
2020-02-11 16:00:00,TFC,54.81
2020-02-11 16:00:00,TROW,138.61
2020-02-11 16:00:00,TRV,137.38
2020-02-11 16:00:00,TSLA,774.28
2020-02-11 16:00:00,TSN,80.99
2020-02-11 16:00:00,TWLO,125.59
2020-02-11 16:00:00,TXN,130.7
2020-02-11 16:00:00,UBER,41.2176
2020-02-11 16:00:00,UNH,290.79
2020-02-11 16:00:00,UNP,183.3
2020-02-11 16:00:00,UPS,104.87
2020-02-11 16:00:00,USB,54.93
2020-02-11 16:00:00,V,203.94
2020-02-11 16:00:00,VLO,84.24
2020-02-11 16:00:00,VRTX,247.81
2020-02-11 16:00:00,VTR,58.36
2020-02-11 16:00:00,VZ,58.71
2020-02-11 16:00:00,WAL,57.04
2020-02-11 16:00:00,WEC,100.19
2020-02-11 16:00:00,WELL,84.9
2020-02-11 16:00:00,WFC,48.0
2020-02-11 16:00:00,WM,124.98
2020-02-11 16:00:00,WMB,21.6062
2020-02-11 16:00:00,WMT,114.91
2020-02-11 16:00:00,WRB,79.28
2020-02-11 16:00:00,XEL,68.96
2020-02-11 16:00:00,XOM,60.53
2020-02-11 16:00:00,ZION,46.28
2020-02-11 16:00:00,ZM,88.68
2020-02-11 16:00:00,ZS,60.92
2020-02-11 16:00:00,ZTS,144.03
2020-02-11 21:00:00,QQQ,232.0099945068
2020-02-11 21:00:00,SPY,335.2600097656
